epoch,iteration,roc_auc,inv_fpr,best_inv_fpr,valid_loss,train_loss,save
49,44900,0.911860041301,52.1062684711,66.3374535999,0.375206,0.444056,False
49,44900,0.914084209406,60.2900565135,73.8690826816,0.366841,0.420135,False
49,44900,0.911990652201,52.5225427312,68.1821011335,0.379812,0.423722,False
49,44900,0.911792050495,47.4079704632,65.9831100008,0.380416,0.42791,False
49,44900,0.906886769603,37.707441954,64.7753227527,0.38381,0.439683,False
