epoch,iteration,roc_auc,inv_fpr,best_inv_fpr,valid_loss,train_loss,save
49,44900,0.919464743652,70.9065133921,86.7940673515,0.354095,0.394918,False
49,44900,0.920271642137,79.6340791798,86.8505634921,0.357663,0.39531,False
49,44900,0.920123608543,80.4178774921,83.5948381211,0.358743,0.392497,False
49,44900,0.920020794146,73.4708000513,85.699084243,0.355615,0.390091,False
49,44900,0.921229553394,84.0412035144,88.0430623901,0.351578,0.388018,False
49,44900,0.920960469785,83.8037674584,83.8037674584,0.358239,0.394766,True
49,44900,0.920657560325,65.1176607728,75.1037146455,0.357867,0.393183,False
49,44900,0.9209608438,83.1602914503,83.1602914503,0.349499,0.389881,True
